Model,accuracy,precision,recall,f1,mcc,auroc,auprc,sensitivity,specificity,kappa,fmi,nmi,TP,FP,TN,FN
GCN,0.8532110091743119,0.7941176470588235,0.75,0.7714285714285715,0.6640382647731963,0.9090563165905632,0.8715714018695445,0.75,0.9041095890410958,0.6634504052489387,0.7743944893434709,0.35585948017348135,27,7,66,9
GAT,0.8623853211009175,0.7837837837837838,0.8055555555555556,0.7945205479452054,0.691248043007707,0.9231354642313546,0.8869449417117193,0.8055555555555556,0.8904109589041096,0.6911014547515586,0.7824194818752956,0.3866238160985567,29,8,65,7
GRAPHSAGE,0.9174311926605505,0.9090909090909091,0.8333333333333334,0.8695652173913043,0.8109690474480596,0.9486301369863014,0.9309411673564177,0.8333333333333334,0.958904109589041,0.8093294460641399,0.8645174910119057,0.5604106296588157,30,3,70,6
MPNN,0.8348623853211009,0.78125,0.6944444444444444,0.7352941176470589,0.6181525860102953,0.9277016742770168,0.890409382337679,0.6944444444444444,0.9041095890410958,0.6158966327329679,0.7550179957255096,0.3072287790449348,25,7,66,11
GIN,0.7889908256880734,0.6326530612244898,0.8611111111111112,0.7294117647058823,0.581013443227995,0.8904109589041097,0.8591229187393,0.8611111111111112,0.7534246575342466,0.5630120271919121,0.6820364509158529,0.2735829989480975,31,18,55,5
